year,exhibit_id,category,hierarchy_path,label,amount,file_name,storage_url,pdf_page,hierarchy_level,parent_entity
2025,,Assets,,Moore County Grand Total,49428272,2025 Moore County Financial Report.pdf,https://hovdckksdjofgghaxtif.supabase.co/storage/v1/object/public/AFR_reports/originals/2025%20Moore%20County%20Financial%20Report.pdf,,1,Total Moore County
2025,,Liabilities,,Moore County Grand Total,29204309,2025 Moore County Financial Report.pdf,https://hovdckksdjofgghaxtif.supabase.co/storage/v1/object/public/AFR_reports/originals/2025%20Moore%20County%20Financial%20Report.pdf,,1,Total Moore County
2025,,Net Position,,Moore County Grand Total,16086975,2025 Moore County Financial Report.pdf,https://hovdckksdjofgghaxtif.supabase.co/storage/v1/object/public/AFR_reports/originals/2025%20Moore%20County%20Financial%20Report.pdf,,1,Total Moore County
2025,,Assets,,Primary Government,49428272,2025 Moore County Financial Report.pdf,https://hovdckksdjofgghaxtif.supabase.co/storage/v1/object/public/AFR_reports/originals/2025%20Moore%20County%20Financial%20Report.pdf,,2,Moore County Grand Total
2025,,Liabilities,,Primary Government,29204309,2025 Moore County Financial Report.pdf,https://hovdckksdjofgghaxtif.supabase.co/storage/v1/object/public/AFR_reports/originals/2025%20Moore%20County%20Financial%20Report.pdf,,2,Moore County Grand Total
2025,,Net Position,,Primary Government,16086975,2025 Moore County Financial Report.pdf,https://hovdckksdjofgghaxtif.supabase.co/storage/v1/object/public/AFR_reports/originals/2025%20Moore%20County%20Financial%20Report.pdf,,2,Moore County Grand Total
2025,,Assets,,School Department,32380108,2025 Moore County Financial Report.pdf,https://hovdckksdjofgghaxtif.supabase.co/storage/v1/object/public/AFR_reports/originals/2025%20Moore%20County%20Financial%20Report.pdf,,2,Moore County Grand Total
2025,,Liabilities,,School Department,2930530,2025 Moore County Financial Report.pdf,https://hovdckksdjofgghaxtif.supabase.co/storage/v1/object/public/AFR_reports/originals/2025%20Moore%20County%20Financial%20Report.pdf,,2,Moore County Grand Total
2025,,Net Position,,School Department,26712939,2025 Moore County Financial Report.pdf,https://hovdckksdjofgghaxtif.supabase.co/storage/v1/object/public/AFR_reports/originals/2025%20Moore%20County%20Financial%20Report.pdf,,2,Moore County Grand Total
2025,A,Assets,Primary Government > Governmental Activities,Total Assets,25548151,2025 Moore County Financial Report.pdf,https://hovdckksdjofgghaxtif.supabase.co/storage/v1/object/public/AFR_reports/originals/2025%20Moore%20County%20Financial%20Report.pdf,15,3,Governmental Activities
2025,A,Assets,Primary Government > Business-type Activities,Total Assets,23880121,2025 Moore County Financial Report.pdf,https://hovdckksdjofgghaxtif.supabase.co/storage/v1/object/public/AFR_reports/originals/2025%20Moore%20County%20Financial%20Report.pdf,15,3,Business-type Activities
2025,A,Assets,Component Units > Metropolitan School Department,Total Assets,32380108,2025 Moore County Financial Report.pdf,https://hovdckksdjofgghaxtif.supabase.co/storage/v1/object/public/AFR_reports/originals/2025%20Moore%20County%20Financial%20Report.pdf,15,3,School Department
2025,A,Liabilities,Primary Government > Governmental Activities,Total Liabilities,18425381,2025 Moore County Financial Report.pdf,https://hovdckksdjofgghaxtif.supabase.co/storage/v1/object/public/AFR_reports/originals/2025%20Moore%20County%20Financial%20Report.pdf,16,3,Governmental Activities
2025,A,Liabilities,Primary Government > Business-type Activities,Total Liabilities,10778928,2025 Moore County Financial Report.pdf,https://hovdckksdjofgghaxtif.supabase.co/storage/v1/object/public/AFR_reports/originals/2025%20Moore%20County%20Financial%20Report.pdf,16,3,Business-type Activities
2025,A,Liabilities,Component Units > Metropolitan School Department,Total Liabilities,2930530,2025 Moore County Financial Report.pdf,https://hovdckksdjofgghaxtif.supabase.co/storage/v1/object/public/AFR_reports/originals/2025%20Moore%20County%20Financial%20Report.pdf,16,3,School Department
2025,A,Net Position,Primary Government > Governmental Activities,Total Net Position,2985782,2025 Moore County Financial Report.pdf,https://hovdckksdjofgghaxtif.supabase.co/storage/v1/object/public/AFR_reports/originals/2025%20Moore%20County%20Financial%20Report.pdf,16,3,Governmental Activities
2025,A,Net Position,Primary Government > Business-type Activities,Total Net Position,13101193,2025 Moore County Financial Report.pdf,https://hovdckksdjofgghaxtif.supabase.co/storage/v1/object/public/AFR_reports/originals/2025%20Moore%20County%20Financial%20Report.pdf,16,3,Business-type Activities
2025,A,Net Position,Component Units > Metropolitan School Department,Total Net Position,26712939,2025 Moore County Financial Report.pdf,https://hovdckksdjofgghaxtif.supabase.co/storage/v1/object/public/AFR_reports/originals/2025%20Moore%20County%20Financial%20Report.pdf,16,3,School Department
2025,A,Net Assets,Primary Government > Governmental Activities,Restricted for: Highway/Public Works,2335573,2025 Moore County Financial Report.pdf,https://hovdckksdjofgghaxtif.supabase.co/storage/v1/object/public/AFR_reports/originals/2025%20Moore%20County%20Financial%20Report.pdf,16,4,Governmental Activities
2025,A,Deferred Inflows of Resources,Primary Government > Governmental Activities,Total Deferred Inflows of Resources,4281532,2025 Moore County Financial Report.pdf,https://hovdckksdjofgghaxtif.supabase.co/storage/v1/object/public/AFR_reports/originals/2025%20Moore%20County%20Financial%20Report.pdf,16,4,Governmental Activities
2025,A,Assets,Primary Government > Business-type Activities,Total Assets (Subtotal),1951300,2025 Moore County Financial Report.pdf,https://hovdckksdjofgghaxtif.supabase.co/storage/v1/object/public/AFR_reports/originals/2025%20Moore%20County%20Financial%20Report.pdf,15,4,Business-type Activities
2025,A,Liabilities,Primary Government > Governmental Activities,Total Liabilities (Subtotal),143148,2025 Moore County Financial Report.pdf,https://hovdckksdjofgghaxtif.supabase.co/storage/v1/object/public/AFR_reports/originals/2025%20Moore%20County%20Financial%20Report.pdf,16,4,Governmental Activities
2025,A,Deferred Outflows of Resources,Component Units > Metropolitan School Department,Total Deferred Outflows of Resources,1922660,2025 Moore County Financial Report.pdf,https://hovdckksdjofgghaxtif.supabase.co/storage/v1/object/public/AFR_reports/originals/2025%20Moore%20County%20Financial%20Report.pdf,15,4,School Department
2025,A,Deferred Outflows of Resources,Component Units > Metropolitan School Department,Pension Changes in Assumptions,20136,2025 Moore County Financial Report.pdf,https://hovdckksdjofgghaxtif.supabase.co/storage/v1/object/public/AFR_reports/originals/2025%20Moore%20County%20Financial%20Report.pdf,15,4,School Department
2025,A,Assets,Primary Government > Business-type Activities,Total Assets (Subtotal),938083,2025 Moore County Financial Report.pdf,https://hovdckksdjofgghaxtif.supabase.co/storage/v1/object/public/AFR_reports/originals/2025%20Moore%20County%20Financial%20Report.pdf,15,4,Business-type Activities
2025,A,Deferred Outflows of Resources,Component Units > Metropolitan School Department,Pension Changes in Investment Earnings,0,2025 Moore County Financial Report.pdf,https://hovdckksdjofgghaxtif.supabase.co/storage/v1/object/public/AFR_reports/originals/2025%20Moore%20County%20Financial%20Report.pdf,15,4,School Department
2025,A,Liabilities,Primary Government > Governmental Activities,Total Liabilities (Subtotal),970000,2025 Moore County Financial Report.pdf,https://hovdckksdjofgghaxtif.supabase.co/storage/v1/object/public/AFR_reports/originals/2025%20Moore%20County%20Financial%20Report.pdf,16,4,Governmental Activities
2025,A,Net Assets,Primary Government > Governmental Activities,Restricted for: Public Safety,103653,2025 Moore County Financial Report.pdf,https://hovdckksdjofgghaxtif.supabase.co/storage/v1/object/public/AFR_reports/originals/2025%20Moore%20County%20Financial%20Report.pdf,16,4,Governmental Activities
2025,A,Deferred Inflows of Resources,Component Units > Metropolitan School Department,OPEB Changes in Experience,41500,2025 Moore County Financial Report.pdf,https://hovdckksdjofgghaxtif.supabase.co/storage/v1/object/public/AFR_reports/originals/2025%20Moore%20County%20Financial%20Report.pdf,16,4,School Department
2025,A,Deferred Outflows of Resources,Component Units > Metropolitan School Department,OPEB Changes in Proportion,77562,2025 Moore County Financial Report.pdf,https://hovdckksdjofgghaxtif.supabase.co/storage/v1/object/public/AFR_reports/originals/2025%20Moore%20County%20Financial%20Report.pdf,15,4,School Department
2025,A,Liabilities,Primary Government > Business-type Activities,Total Liabilities (Subtotal),118255,2025 Moore County Financial Report.pdf,https://hovdckksdjofgghaxtif.supabase.co/storage/v1/object/public/AFR_reports/originals/2025%20Moore%20County%20Financial%20Report.pdf,16,4,Business-type Activities
2025,A,Assets,Primary Government > Business-type Activities,Total Assets (Subtotal),37098,2025 Moore County Financial Report.pdf,https://hovdckksdjofgghaxtif.supabase.co/storage/v1/object/public/AFR_reports/originals/2025%20Moore%20County%20Financial%20Report.pdf,15,4,Business-type Activities
2025,A,Assets,Primary Government > Governmental Activities,Total Assets (Subtotal),4336257,2025 Moore County Financial Report.pdf,https://hovdckksdjofgghaxtif.supabase.co/storage/v1/object/public/AFR_reports/originals/2025%20Moore%20County%20Financial%20Report.pdf,15,4,Governmental Activities
2025,A,Assets,Primary Government > Business-type Activities,Total Assets (Subtotal),520,2025 Moore County Financial Report.pdf,https://hovdckksdjofgghaxtif.supabase.co/storage/v1/object/public/AFR_reports/originals/2025%20Moore%20County%20Financial%20Report.pdf,15,4,Business-type Activities
2025,A,Assets,Component Units > Metropolitan School Department,Total Assets (Subtotal),3312,2025 Moore County Financial Report.pdf,https://hovdckksdjofgghaxtif.supabase.co/storage/v1/object/public/AFR_reports/originals/2025%20Moore%20County%20Financial%20Report.pdf,15,4,School Department
2025,A,Net Assets,Primary Government > Governmental Activities,Restricted for: General Government,150564,2025 Moore County Financial Report.pdf,https://hovdckksdjofgghaxtif.supabase.co/storage/v1/object/public/AFR_reports/originals/2025%20Moore%20County%20Financial%20Report.pdf,16,4,Governmental Activities
2025,A,Assets,Component Units > Metropolitan School Department,Total Assets (Subtotal),18317,2025 Moore County Financial Report.pdf,https://hovdckksdjofgghaxtif.supabase.co/storage/v1/object/public/AFR_reports/originals/2025%20Moore%20County%20Financial%20Report.pdf,15,4,School Department
2025,A,Liabilities,Component Units > Metropolitan School Department,Total Liabilities (Subtotal),20785,2025 Moore County Financial Report.pdf,https://hovdckksdjofgghaxtif.supabase.co/storage/v1/object/public/AFR_reports/originals/2025%20Moore%20County%20Financial%20Report.pdf,16,4,School Department
2025,A,Net Assets,Component Units > Metropolitan School Department,Net Investment in Capital Assets,23777093,2025 Moore County Financial Report.pdf,https://hovdckksdjofgghaxtif.supabase.co/storage/v1/object/public/AFR_reports/originals/2025%20Moore%20County%20Financial%20Report.pdf,16,4,School Department
2025,A,Liabilities,Primary Government > Governmental Activities,Total Liabilities (Subtotal),82254,2025 Moore County Financial Report.pdf,https://hovdckksdjofgghaxtif.supabase.co/storage/v1/object/public/AFR_reports/originals/2025%20Moore%20County%20Financial%20Report.pdf,16,4,Governmental Activities
2025,A,Assets,Component Units > Metropolitan School Department,Total Assets (Subtotal),50671,2025 Moore County Financial Report.pdf,https://hovdckksdjofgghaxtif.supabase.co/storage/v1/object/public/AFR_reports/originals/2025%20Moore%20County%20Financial%20Report.pdf,15,4,School Department
2025,A,Liabilities,Primary Government > Governmental Activities,Total Liabilities (Subtotal),36684,2025 Moore County Financial Report.pdf,https://hovdckksdjofgghaxtif.supabase.co/storage/v1/object/public/AFR_reports/originals/2025%20Moore%20County%20Financial%20Report.pdf,16,4,Governmental Activities
2025,A,Liabilities,Primary Government > Governmental Activities,Total Liabilities (Subtotal),16771000,2025 Moore County Financial Report.pdf,https://hovdckksdjofgghaxtif.supabase.co/storage/v1/object/public/AFR_reports/originals/2025%20Moore%20County%20Financial%20Report.pdf,16,4,Governmental Activities
2025,A,Assets,Primary Government > Governmental Activities,Total Assets (Subtotal),657224,2025 Moore County Financial Report.pdf,https://hovdckksdjofgghaxtif.supabase.co/storage/v1/object/public/AFR_reports/originals/2025%20Moore%20County%20Financial%20Report.pdf,15,4,Governmental Activities
2025,A,Assets,Component Units > Metropolitan School Department,Total Assets (Subtotal),22821313,2025 Moore County Financial Report.pdf,https://hovdckksdjofgghaxtif.supabase.co/storage/v1/object/public/AFR_reports/originals/2025%20Moore%20County%20Financial%20Report.pdf,15,4,School Department
2025,A,Deferred Inflows of Resources,Component Units > Metropolitan School Department,Deferred Current Property Taxes,3862439,2025 Moore County Financial Report.pdf,https://hovdckksdjofgghaxtif.supabase.co/storage/v1/object/public/AFR_reports/originals/2025%20Moore%20County%20Financial%20Report.pdf,16,4,School Department
2025,A,Assets,Primary Government > Governmental Activities,Total Assets (Subtotal),139177,2025 Moore County Financial Report.pdf,https://hovdckksdjofgghaxtif.supabase.co/storage/v1/object/public/AFR_reports/originals/2025%20Moore%20County%20Financial%20Report.pdf,15,4,Governmental Activities
2025,A,Assets,Primary Government > Business-type Activities,Total Assets (Subtotal),212807,2025 Moore County Financial Report.pdf,https://hovdckksdjofgghaxtif.supabase.co/storage/v1/object/public/AFR_reports/originals/2025%20Moore%20County%20Financial%20Report.pdf,15,4,Business-type Activities
2025,A,Liabilities,Primary Government > Business-type Activities,Total Liabilities (Subtotal),478906,2025 Moore County Financial Report.pdf,https://hovdckksdjofgghaxtif.supabase.co/storage/v1/object/public/AFR_reports/originals/2025%20Moore%20County%20Financial%20Report.pdf,16,4,Business-type Activities
2025,A,Deferred Inflows of Resources,Component Units > Metropolitan School Department,OPEB Changes in Proportion,65837,2025 Moore County Financial Report.pdf,https://hovdckksdjofgghaxtif.supabase.co/storage/v1/object/public/AFR_reports/originals/2025%20Moore%20County%20Financial%20Report.pdf,16,4,School Department
2025,A,Net Assets,Component Units > Metropolitan School Department,Unrestricted,74421,2025 Moore County Financial Report.pdf,https://hovdckksdjofgghaxtif.supabase.co/storage/v1/object/public/AFR_reports/originals/2025%20Moore%20County%20Financial%20Report.pdf,16,4,School Department
2025,A,Deferred Outflows of Resources,Primary Government > Governmental Activities,Total Deferred Outflows of Resources,144544,2025 Moore County Financial Report.pdf,https://hovdckksdjofgghaxtif.supabase.co/storage/v1/object/public/AFR_reports/originals/2025%20Moore%20County%20Financial%20Report.pdf,15,4,Governmental Activities
2025,A,Net Assets,Primary Government > Governmental Activities,Restricted for: Other Purposes,0,2025 Moore County Financial Report.pdf,https://hovdckksdjofgghaxtif.supabase.co/storage/v1/object/public/AFR_reports/originals/2025%20Moore%20County%20Financial%20Report.pdf,16,4,Governmental Activities
2025,A,Deferred Outflows of Resources,Component Units > Metropolitan School Department,Pension Contributions After Measurement Date,420802,2025 Moore County Financial Report.pdf,https://hovdckksdjofgghaxtif.supabase.co/storage/v1/object/public/AFR_reports/originals/2025%20Moore%20County%20Financial%20Report.pdf,15,4,School Department
2025,A,Assets,Component Units > Metropolitan School Department,Total Assets (Subtotal),517346,2025 Moore County Financial Report.pdf,https://hovdckksdjofgghaxtif.supabase.co/storage/v1/object/public/AFR_reports/originals/2025%20Moore%20County%20Financial%20Report.pdf,15,4,School Department
2025,A,Liabilities,Primary Government > Business-type Activities,Total Liabilities (Subtotal),1773748,2025 Moore County Financial Report.pdf,https://hovdckksdjofgghaxtif.supabase.co/storage/v1/object/public/AFR_reports/originals/2025%20Moore%20County%20Financial%20Report.pdf,16,4,Business-type Activities
2025,A,Deferred Inflows of Resources,Primary Government > Governmental Activities,Deferred Current Property Taxes,4249622,2025 Moore County Financial Report.pdf,https://hovdckksdjofgghaxtif.supabase.co/storage/v1/object/public/AFR_reports/originals/2025%20Moore%20County%20Financial%20Report.pdf,16,4,Governmental Activities
2025,A,Assets,Primary Government > Governmental Activities,Total Assets (Subtotal),2711883,2025 Moore County Financial Report.pdf,https://hovdckksdjofgghaxtif.supabase.co/storage/v1/object/public/AFR_reports/originals/2025%20Moore%20County%20Financial%20Report.pdf,15,4,Governmental Activities
2025,A,Deferred Inflows of Resources,Component Units > Metropolitan School Department,OPEB Changes in Assumptions,161895,2025 Moore County Financial Report.pdf,https://hovdckksdjofgghaxtif.supabase.co/storage/v1/object/public/AFR_reports/originals/2025%20Moore%20County%20Financial%20Report.pdf,16,4,School Department
2025,A,Net Assets,Primary Government > Governmental Activities,Unrestricted,-10358589,2025 Moore County Financial Report.pdf,https://hovdckksdjofgghaxtif.supabase.co/storage/v1/object/public/AFR_reports/originals/2025%20Moore%20County%20Financial%20Report.pdf,16,4,Governmental Activities
2025,A,Assets,Primary Government > Governmental Activities,Total Assets (Subtotal),-348578,2025 Moore County Financial Report.pdf,https://hovdckksdjofgghaxtif.supabase.co/storage/v1/object/public/AFR_reports/originals/2025%20Moore%20County%20Financial%20Report.pdf,15,4,Governmental Activities
2025,A,Deferred Outflows of Resources,Primary Government > Governmental Activities,Pension Changes in Investment Earnings,0,2025 Moore County Financial Report.pdf,https://hovdckksdjofgghaxtif.supabase.co/storage/v1/object/public/AFR_reports/originals/2025%20Moore%20County%20Financial%20Report.pdf,15,4,Governmental Activities
2025,A,Assets,Component Units > Metropolitan School Department,Total Assets (Subtotal),39342,2025 Moore County Financial Report.pdf,https://hovdckksdjofgghaxtif.supabase.co/storage/v1/object/public/AFR_reports/originals/2025%20Moore%20County%20Financial%20Report.pdf,15,4,School Department
2025,A,Net Assets,Primary Government > Business-type Activities,Net Investment in Capital Assets,11136699,2025 Moore County Financial Report.pdf,https://hovdckksdjofgghaxtif.supabase.co/storage/v1/object/public/AFR_reports/originals/2025%20Moore%20County%20Financial%20Report.pdf,16,4,Business-type Activities
2025,A,Net Assets,Primary Government > Governmental Activities,Net Investment in Capital Assets,10302132,2025 Moore County Financial Report.pdf,https://hovdckksdjofgghaxtif.supabase.co/storage/v1/object/public/AFR_reports/originals/2025%20Moore%20County%20Financial%20Report.pdf,16,4,Governmental Activities
2025,A,Assets,Primary Government > Governmental Activities,Total Assets (Subtotal),983949,2025 Moore County Financial Report.pdf,https://hovdckksdjofgghaxtif.supabase.co/storage/v1/object/public/AFR_reports/originals/2025%20Moore%20County%20Financial%20Report.pdf,15,4,Governmental Activities
2025,A,Liabilities,Primary Government > Governmental Activities,Total Liabilities (Subtotal),87090,2025 Moore County Financial Report.pdf,https://hovdckksdjofgghaxtif.supabase.co/storage/v1/object/public/AFR_reports/originals/2025%20Moore%20County%20Financial%20Report.pdf,16,4,Governmental Activities
2025,A,Assets,Primary Government > Governmental Activities,Total Assets (Subtotal),2506838,2025 Moore County Financial Report.pdf,https://hovdckksdjofgghaxtif.supabase.co/storage/v1/object/public/AFR_reports/originals/2025%20Moore%20County%20Financial%20Report.pdf,15,4,Governmental Activities
2025,A,Assets,Primary Government > Governmental Activities,Total Assets (Subtotal),-20013,2025 Moore County Financial Report.pdf,https://hovdckksdjofgghaxtif.supabase.co/storage/v1/object/public/AFR_reports/originals/2025%20Moore%20County%20Financial%20Report.pdf,15,4,Governmental Activities
2025,A,Assets,Component Units > Metropolitan School Department,Total Assets (Subtotal),1939826,2025 Moore County Financial Report.pdf,https://hovdckksdjofgghaxtif.supabase.co/storage/v1/object/public/AFR_reports/originals/2025%20Moore%20County%20Financial%20Report.pdf,15,4,School Department
2025,A,Deferred Outflows of Resources,Component Units > Metropolitan School Department,OPEB Changes in Experience,317540,2025 Moore County Financial Report.pdf,https://hovdckksdjofgghaxtif.supabase.co/storage/v1/object/public/AFR_reports/originals/2025%20Moore%20County%20Financial%20Report.pdf,15,4,School Department
2025,A,Liabilities,Primary Government > Governmental Activities,Total Liabilities (Subtotal),101,2025 Moore County Financial Report.pdf,https://hovdckksdjofgghaxtif.supabase.co/storage/v1/object/public/AFR_reports/originals/2025%20Moore%20County%20Financial%20Report.pdf,16,4,Governmental Activities
2025,A,Liabilities,Component Units > Metropolitan School Department,Total Liabilities (Subtotal),460697,2025 Moore County Financial Report.pdf,https://hovdckksdjofgghaxtif.supabase.co/storage/v1/object/public/AFR_reports/originals/2025%20Moore%20County%20Financial%20Report.pdf,16,4,School Department
2025,A,Assets,Component Units > Metropolitan School Department,Total Assets (Subtotal),166122,2025 Moore County Financial Report.pdf,https://hovdckksdjofgghaxtif.supabase.co/storage/v1/object/public/AFR_reports/originals/2025%20Moore%20County%20Financial%20Report.pdf,15,4,School Department
2025,A,Assets,Primary Government > Governmental Activities,Total Assets (Subtotal),0,2025 Moore County Financial Report.pdf,https://hovdckksdjofgghaxtif.supabase.co/storage/v1/object/public/AFR_reports/originals/2025%20Moore%20County%20Financial%20Report.pdf,15,4,Governmental Activities
2025,A,Liabilities,Component Units > Metropolitan School Department,Total Liabilities (Subtotal),2334266,2025 Moore County Financial Report.pdf,https://hovdckksdjofgghaxtif.supabase.co/storage/v1/object/public/AFR_reports/originals/2025%20Moore%20County%20Financial%20Report.pdf,16,4,School Department
2025,A,Net Assets,Primary Government > Governmental Activities,Restricted for: Administration of Justice,142978,2025 Moore County Financial Report.pdf,https://hovdckksdjofgghaxtif.supabase.co/storage/v1/object/public/AFR_reports/originals/2025%20Moore%20County%20Financial%20Report.pdf,16,4,Governmental Activities
2025,A,Assets,Primary Government > Business-type Activities,Total Assets (Subtotal),259875,2025 Moore County Financial Report.pdf,https://hovdckksdjofgghaxtif.supabase.co/storage/v1/object/public/AFR_reports/originals/2025%20Moore%20County%20Financial%20Report.pdf,15,4,Business-type Activities
2025,A,Assets,Primary Government > Governmental Activities,Total Assets (Subtotal),9277628,2025 Moore County Financial Report.pdf,https://hovdckksdjofgghaxtif.supabase.co/storage/v1/object/public/AFR_reports/originals/2025%20Moore%20County%20Financial%20Report.pdf,15,4,Governmental Activities
2025,A,Assets,Primary Government > Governmental Activities,Total Assets (Subtotal),393779,2025 Moore County Financial Report.pdf,https://hovdckksdjofgghaxtif.supabase.co/storage/v1/object/public/AFR_reports/originals/2025%20Moore%20County%20Financial%20Report.pdf,15,4,Governmental Activities
2025,A,Net Assets,Primary Government > Governmental Activities,Restricted for: Pensions,139177,2025 Moore County Financial Report.pdf,https://hovdckksdjofgghaxtif.supabase.co/storage/v1/object/public/AFR_reports/originals/2025%20Moore%20County%20Financial%20Report.pdf,16,4,Governmental Activities
2025,A,Assets,Component Units > Metropolitan School Department,Total Assets (Subtotal),-44964,2025 Moore County Financial Report.pdf,https://hovdckksdjofgghaxtif.supabase.co/storage/v1/object/public/AFR_reports/originals/2025%20Moore%20County%20Financial%20Report.pdf,15,4,School Department
2025,A,Liabilities,Primary Government > Business-type Activities,Total Liabilities (Subtotal),0,2025 Moore County Financial Report.pdf,https://hovdckksdjofgghaxtif.supabase.co/storage/v1/object/public/AFR_reports/originals/2025%20Moore%20County%20Financial%20Report.pdf,16,4,Business-type Activities
2025,A,Liabilities,Component Units > Metropolitan School Department,Total Liabilities (Subtotal),114782,2025 Moore County Financial Report.pdf,https://hovdckksdjofgghaxtif.supabase.co/storage/v1/object/public/AFR_reports/originals/2025%20Moore%20County%20Financial%20Report.pdf,16,4,School Department
2025,A,Assets,Component Units > Metropolitan School Department,Total Assets (Subtotal),3926248,2025 Moore County Financial Report.pdf,https://hovdckksdjofgghaxtif.supabase.co/storage/v1/object/public/AFR_reports/originals/2025%20Moore%20County%20Financial%20Report.pdf,15,4,School Department
2025,A,Assets,Component Units > Metropolitan School Department,Total Assets (Subtotal),1743120,2025 Moore County Financial Report.pdf,https://hovdckksdjofgghaxtif.supabase.co/storage/v1/object/public/AFR_reports/originals/2025%20Moore%20County%20Financial%20Report.pdf,15,4,School Department
2025,A,Liabilities,Primary Government > Governmental Activities,Total Liabilities (Subtotal),189690,2025 Moore County Financial Report.pdf,https://hovdckksdjofgghaxtif.supabase.co/storage/v1/object/public/AFR_reports/originals/2025%20Moore%20County%20Financial%20Report.pdf,16,4,Governmental Activities
2025,A,Net Assets,Primary Government > Governmental Activities,Restricted for: Capital Projects,4852,2025 Moore County Financial Report.pdf,https://hovdckksdjofgghaxtif.supabase.co/storage/v1/object/public/AFR_reports/originals/2025%20Moore%20County%20Financial%20Report.pdf,16,4,Governmental Activities
2025,A,Assets,Primary Government > Business-type Activities,Total Assets (Subtotal),-16569,2025 Moore County Financial Report.pdf,https://hovdckksdjofgghaxtif.supabase.co/storage/v1/object/public/AFR_reports/originals/2025%20Moore%20County%20Financial%20Report.pdf,15,4,Business-type Activities
2025,A,Assets,Primary Government > Business-type Activities,Total Assets (Subtotal),199756,2025 Moore County Financial Report.pdf,https://hovdckksdjofgghaxtif.supabase.co/storage/v1/object/public/AFR_reports/originals/2025%20Moore%20County%20Financial%20Report.pdf,15,4,Business-type Activities
2025,A,Deferred Inflows of Resources,Component Units > Metropolitan School Department,Pension Changes in Proportion,60061,2025 Moore County Financial Report.pdf,https://hovdckksdjofgghaxtif.supabase.co/storage/v1/object/public/AFR_reports/originals/2025%20Moore%20County%20Financial%20Report.pdf,16,4,School Department
2025,A,Deferred Inflows of Resources,Component Units > Metropolitan School Department,Pension Changes in Experience,15568,2025 Moore County Financial Report.pdf,https://hovdckksdjofgghaxtif.supabase.co/storage/v1/object/public/AFR_reports/originals/2025%20Moore%20County%20Financial%20Report.pdf,16,4,School Department
2025,A,Assets,Component Units > Metropolitan School Department,Total Assets (Subtotal),916438,2025 Moore County Financial Report.pdf,https://hovdckksdjofgghaxtif.supabase.co/storage/v1/object/public/AFR_reports/originals/2025%20Moore%20County%20Financial%20Report.pdf,15,4,School Department
2025,A,Deferred Outflows of Resources,Component Units > Metropolitan School Department,Pension Changes in Experience,782315,2025 Moore County Financial Report.pdf,https://hovdckksdjofgghaxtif.supabase.co/storage/v1/object/public/AFR_reports/originals/2025%20Moore%20County%20Financial%20Report.pdf,15,4,School Department
2025,A,Assets,Primary Government > Governmental Activities,Total Assets (Subtotal),375,2025 Moore County Financial Report.pdf,https://hovdckksdjofgghaxtif.supabase.co/storage/v1/object/public/AFR_reports/originals/2025%20Moore%20County%20Financial%20Report.pdf,15,4,Governmental Activities
2025,A,Deferred Inflows of Resources,Component Units > Metropolitan School Department,Total Deferred Inflows of Resources,4659299,2025 Moore County Financial Report.pdf,https://hovdckksdjofgghaxtif.supabase.co/storage/v1/object/public/AFR_reports/originals/2025%20Moore%20County%20Financial%20Report.pdf,16,4,School Department
2025,A,Net Assets,Primary Government > Business-type Activities,Unrestricted,1964494,2025 Moore County Financial Report.pdf,https://hovdckksdjofgghaxtif.supabase.co/storage/v1/object/public/AFR_reports/originals/2025%20Moore%20County%20Financial%20Report.pdf,16,4,Business-type Activities
2025,A,Deferred Outflows of Resources,Primary Government > Governmental Activities,Pension Changes in Assumptions,21696,2025 Moore County Financial Report.pdf,https://hovdckksdjofgghaxtif.supabase.co/storage/v1/object/public/AFR_reports/originals/2025%20Moore%20County%20Financial%20Report.pdf,15,4,Governmental Activities
2025,A,Deferred Outflows of Resources,Primary Government > Governmental Activities,Pension Contributions After Measurement Date,56903,2025 Moore County Financial Report.pdf,https://hovdckksdjofgghaxtif.supabase.co/storage/v1/object/public/AFR_reports/originals/2025%20Moore%20County%20Financial%20Report.pdf,15,4,Governmental Activities
2025,A,Deferred Outflows of Resources,Component Units > Metropolitan School Department,Pension Changes in Proportion,8506,2025 Moore County Financial Report.pdf,https://hovdckksdjofgghaxtif.supabase.co/storage/v1/object/public/AFR_reports/originals/2025%20Moore%20County%20Financial%20Report.pdf,15,4,School Department
2025,A,Assets,Primary Government > Governmental Activities,Total Assets (Subtotal),4909632,2025 Moore County Financial Report.pdf,https://hovdckksdjofgghaxtif.supabase.co/storage/v1/object/public/AFR_reports/originals/2025%20Moore%20County%20Financial%20Report.pdf,15,4,Governmental Activities
2025,A,Assets,Primary Government > Business-type Activities,Total Assets (Subtotal),17838727,2025 Moore County Financial Report.pdf,https://hovdckksdjofgghaxtif.supabase.co/storage/v1/object/public/AFR_reports/originals/2025%20Moore%20County%20Financial%20Report.pdf,15,4,Business-type Activities
2025,A,Deferred Outflows of Resources,Primary Government > Governmental Activities,Pension Changes in Experience,65945,2025 Moore County Financial Report.pdf,https://hovdckksdjofgghaxtif.supabase.co/storage/v1/object/public/AFR_reports/originals/2025%20Moore%20County%20Financial%20Report.pdf,15,4,Governmental Activities
2025,A,Liabilities,Primary Government > Governmental Activities,Total Liabilities (Subtotal),73633,2025 Moore County Financial Report.pdf,https://hovdckksdjofgghaxtif.supabase.co/storage/v1/object/public/AFR_reports/originals/2025%20Moore%20County%20Financial%20Report.pdf,16,4,Governmental Activities
2025,A,Net Assets,Component Units > Metropolitan School Department,Restricted for: Education,704806,2025 Moore County Financial Report.pdf,https://hovdckksdjofgghaxtif.supabase.co/storage/v1/object/public/AFR_reports/originals/2025%20Moore%20County%20Financial%20Report.pdf,16,4,School Department
2025,A,Assets,Primary Government > Business-type Activities,Total Assets (Subtotal),2262025,2025 Moore County Financial Report.pdf,https://hovdckksdjofgghaxtif.supabase.co/storage/v1/object/public/AFR_reports/originals/2025%20Moore%20County%20Financial%20Report.pdf,15,4,Business-type Activities
2025,A,Net Assets,Component Units > Metropolitan School Department,Restricted for: Pensions,2156619,2025 Moore County Financial Report.pdf,https://hovdckksdjofgghaxtif.supabase.co/storage/v1/object/public/AFR_reports/originals/2025%20Moore%20County%20Financial%20Report.pdf,16,4,School Department
2025,A,Deferred Outflows of Resources,Component Units > Metropolitan School Department,OPEB Changes in Assumptions,232694,2025 Moore County Financial Report.pdf,https://hovdckksdjofgghaxtif.supabase.co/storage/v1/object/public/AFR_reports/originals/2025%20Moore%20County%20Financial%20Report.pdf,15,4,School Department
2025,A,Net Assets,Primary Government > Governmental Activities,Restricted for: Public Health and Welfare,165442,2025 Moore County Financial Report.pdf,https://hovdckksdjofgghaxtif.supabase.co/storage/v1/object/public/AFR_reports/originals/2025%20Moore%20County%20Financial%20Report.pdf,16,4,Governmental Activities
2025,A,Deferred Outflows of Resources,Component Units > Metropolitan School Department,OPEB Contributions After Measurement Date,63105,2025 Moore County Financial Report.pdf,https://hovdckksdjofgghaxtif.supabase.co/storage/v1/object/public/AFR_reports/originals/2025%20Moore%20County%20Financial%20Report.pdf,15,4,School Department
2025,A,Liabilities,Primary Government > Business-type Activities,Total Liabilities (Subtotal),8408019,2025 Moore County Financial Report.pdf,https://hovdckksdjofgghaxtif.supabase.co/storage/v1/object/public/AFR_reports/originals/2025%20Moore%20County%20Financial%20Report.pdf,16,4,Business-type Activities
2025,A,Assets,Primary Government > Business-type Activities,Total Assets (Subtotal),196499,2025 Moore County Financial Report.pdf,https://hovdckksdjofgghaxtif.supabase.co/storage/v1/object/public/AFR_reports/originals/2025%20Moore%20County%20Financial%20Report.pdf,15,4,Business-type Activities
2025,A,Assets,Component Units > Metropolitan School Department,Total Assets (Subtotal),283017,2025 Moore County Financial Report.pdf,https://hovdckksdjofgghaxtif.supabase.co/storage/v1/object/public/AFR_reports/originals/2025%20Moore%20County%20Financial%20Report.pdf,15,4,School Department
2025,A,Deferred Inflows of Resources,Primary Government > Governmental Activities,Pension Changes in Investment Earnings,31910,2025 Moore County Financial Report.pdf,https://hovdckksdjofgghaxtif.supabase.co/storage/v1/object/public/AFR_reports/originals/2025%20Moore%20County%20Financial%20Report.pdf,16,4,Governmental Activities
2025,A,Deferred Inflows of Resources,Component Units > Metropolitan School Department,Pension Changes in Investment Earnings,451999,2025 Moore County Financial Report.pdf,https://hovdckksdjofgghaxtif.supabase.co/storage/v1/object/public/AFR_reports/originals/2025%20Moore%20County%20Financial%20Report.pdf,16,4,School Department
2025,A,Liabilities,Primary Government > Governmental Activities,Due to Other Governments,71781,2025 Moore County Financial Report.pdf,https://hovdckksdjofgghaxtif.supabase.co/storage/v1/object/public/AFR_reports/originals/2025%20Moore%20County%20Financial%20Report.pdf,16,4,Governmental Activities
