id,year,exhibit_id,category,hierarchy_path,label,amount,file_name,storage_url,pdf_page,bounding_box,created_at,hierarchy_level,parent_entity
0515602c-66f7-4513-98aa-a4eb7e08570c,2024,A,Net Assets,Primary Government > Governmental Activities,Restricted for: Highway/Public Works,1985338,2024 Moore County Financial Report.pdf,https://hovdckksdjofgghaxtif.supabase.co/storage/v1/object/public/AFR_reports/originals/2024%20Moore%20County%20Financial%20Report.pdf,16,,2026-01-20 04:13:45.51153+00,4,Governmental Activities
0b6ee3a7-d07d-4052-af30-089b1c315193,2024,A,Deferred Inflows of Resources,Primary Government > Governmental Activities,Total Deferred Inflows of Resources,4884578,2024 Moore County Financial Report.pdf,https://hovdckksdjofgghaxtif.supabase.co/storage/v1/object/public/AFR_reports/originals/2024%20Moore%20County%20Financial%20Report.pdf,16,,2026-01-20 04:13:45.51153+00,4,Governmental Activities
1176d568-eae2-48f8-8248-e82a3b4093cc,2024,A,Assets,Primary Government > Business-type Activities,Total Assets (Subtotal),2264292,2024 Moore County Financial Report.pdf,https://hovdckksdjofgghaxtif.supabase.co/storage/v1/object/public/AFR_reports/originals/2024%20Moore%20County%20Financial%20Report.pdf,15,,2026-01-20 04:13:45.133824+00,4,Business-type Activities
1290e320-db0c-4cf7-a69a-1a9276e8e4a9,2024,A,Liabilities,Primary Government > Governmental Activities,Total Liabilities (Subtotal),99280,2024 Moore County Financial Report.pdf,https://hovdckksdjofgghaxtif.supabase.co/storage/v1/object/public/AFR_reports/originals/2024%20Moore%20County%20Financial%20Report.pdf,16,,2026-01-20 04:13:45.51153+00,4,Governmental Activities
14ade956-ce63-4c42-b435-3ed530fbd6a6,2024,A,Deferred Outflows of Resources,Component Units > Metropolitan School Department,Total Deferred Outflows of Resources,2224125,2024 Moore County Financial Report.pdf,https://hovdckksdjofgghaxtif.supabase.co/storage/v1/object/public/AFR_reports/originals/2024%20Moore%20County%20Financial%20Report.pdf,15,,2026-01-20 04:13:45.51153+00,4,School Department
155af3d0-0bf1-408a-b6b2-e2656aaceaf5,2024,A,Net Position,Primary Government > Business-type Activities,Total Net Position,11658524,2024 Moore County Financial Report.pdf,https://hovdckksdjofgghaxtif.supabase.co/storage/v1/object/public/AFR_reports/originals/2024%20Moore%20County%20Financial%20Report.pdf,16,,2026-01-20 04:13:45.51153+00,3,Business-type Activities
15e74ad9-5de4-432d-a4fb-e0b2aa3bd653,2024,A,Deferred Outflows of Resources,Component Units > Metropolitan School Department,Pension Changes in Assumptions,565484,2024 Moore County Financial Report.pdf,https://hovdckksdjofgghaxtif.supabase.co/storage/v1/object/public/AFR_reports/originals/2024%20Moore%20County%20Financial%20Report.pdf,15,,2026-01-20 04:13:45.51153+00,4,School Department
1792a3ce-e19e-47d7-91ab-a468db821a24,2024,A,Assets,Primary Government > Business-type Activities,Total Assets (Subtotal),44076,2024 Moore County Financial Report.pdf,https://hovdckksdjofgghaxtif.supabase.co/storage/v1/object/public/AFR_reports/originals/2024%20Moore%20County%20Financial%20Report.pdf,15,,2026-01-20 04:13:45.133824+00,4,Business-type Activities
1848e208-1404-4266-b68b-ff4d8f50cfd5,2024,,Net Position,,Primary Government,14018193,,,,,2026-01-23 04:56:55.751297+00,2,Moore County Grand Total
199e322a-f736-4229-875e-945c2ca8de27,2024,A,Deferred Outflows of Resources,Component Units > Metropolitan School Department,Pension Changes in Investment Earnings,275707,2024 Moore County Financial Report.pdf,https://hovdckksdjofgghaxtif.supabase.co/storage/v1/object/public/AFR_reports/originals/2024%20Moore%20County%20Financial%20Report.pdf,15,,2026-01-20 04:13:45.51153+00,4,School Department
19f75240-1ba4-4ea5-9dde-61f119d5b6fd,2024,A,Liabilities,Primary Government > Governmental Activities,Total Liabilities (Subtotal),905000,2024 Moore County Financial Report.pdf,https://hovdckksdjofgghaxtif.supabase.co/storage/v1/object/public/AFR_reports/originals/2024%20Moore%20County%20Financial%20Report.pdf,16,,2026-01-20 04:13:45.51153+00,4,Governmental Activities
1c24a8a5-71b9-4420-b921-13d2e6f862f8,2024,A,Net Assets,Primary Government > Governmental Activities,Restricted for: Public Safety,104954,2024 Moore County Financial Report.pdf,https://hovdckksdjofgghaxtif.supabase.co/storage/v1/object/public/AFR_reports/originals/2024%20Moore%20County%20Financial%20Report.pdf,16,,2026-01-20 04:13:45.51153+00,4,Governmental Activities
1d10aa61-4cc3-45d2-81da-1522f1309ab8,2024,A,Deferred Inflows of Resources,Component Units > Metropolitan School Department,OPEB Changes in Experience,51630,2024 Moore County Financial Report.pdf,https://hovdckksdjofgghaxtif.supabase.co/storage/v1/object/public/AFR_reports/originals/2024%20Moore%20County%20Financial%20Report.pdf,16,,2026-01-20 04:13:45.51153+00,4,School Department
1e1f116a-0f90-4a50-a684-1b8055ef088b,2024,A,Deferred Outflows of Resources,Component Units > Metropolitan School Department,OPEB Changes in Proportion,59441,2024 Moore County Financial Report.pdf,https://hovdckksdjofgghaxtif.supabase.co/storage/v1/object/public/AFR_reports/originals/2024%20Moore%20County%20Financial%20Report.pdf,15,,2026-01-20 04:13:45.51153+00,4,School Department
1ef8421a-dac0-4490-8f81-4ecd23ec1057,2024,A,Liabilities,Primary Government > Business-type Activities,Total Liabilities (Subtotal),108737,2024 Moore County Financial Report.pdf,https://hovdckksdjofgghaxtif.supabase.co/storage/v1/object/public/AFR_reports/originals/2024%20Moore%20County%20Financial%20Report.pdf,16,,2026-01-20 04:13:45.51153+00,4,Business-type Activities
1f2ccd36-eda4-43c9-8eb8-9109ec90321b,2024,A,Assets,Primary Government > Business-type Activities,Total Assets (Subtotal),56994,2024 Moore County Financial Report.pdf,https://hovdckksdjofgghaxtif.supabase.co/storage/v1/object/public/AFR_reports/originals/2024%20Moore%20County%20Financial%20Report.pdf,15,,2026-01-20 04:13:45.51153+00,4,Business-type Activities
2155ba63-6cc4-4e9a-8a7e-0b060e6e893a,2024,A,Assets,Primary Government > Governmental Activities,Total Assets (Subtotal),4967555,2024 Moore County Financial Report.pdf,https://hovdckksdjofgghaxtif.supabase.co/storage/v1/object/public/AFR_reports/originals/2024%20Moore%20County%20Financial%20Report.pdf,15,,2026-01-20 04:13:45.133824+00,4,Governmental Activities
22248c9f-3c93-4c0a-95f0-eed486892eb8,2024,,Assets,,Moore County Grand Total,79525481,,,,,2026-01-23 04:56:55.751297+00,1,Total Moore County
24b7cfa8-3a81-434a-bc18-6f9eaaa47386,2024,A,Assets,Primary Government > Business-type Activities,Total Assets (Subtotal),520,2024 Moore County Financial Report.pdf,https://hovdckksdjofgghaxtif.supabase.co/storage/v1/object/public/AFR_reports/originals/2024%20Moore%20County%20Financial%20Report.pdf,15,,2026-01-20 04:13:45.133824+00,4,Business-type Activities
25694791-4cbc-4ea0-8017-a9f46f7e80d3,2024,A,Assets,Component Units > Metropolitan School Department,Total Assets (Subtotal),3615,2024 Moore County Financial Report.pdf,https://hovdckksdjofgghaxtif.supabase.co/storage/v1/object/public/AFR_reports/originals/2024%20Moore%20County%20Financial%20Report.pdf,15,,2026-01-20 04:13:45.133824+00,4,School Department
27a1a5f7-1578-4931-bf2b-a0825d06de93,2024,A,Net Assets,Primary Government > Governmental Activities,Restricted for: General Government,85314,2024 Moore County Financial Report.pdf,https://hovdckksdjofgghaxtif.supabase.co/storage/v1/object/public/AFR_reports/originals/2024%20Moore%20County%20Financial%20Report.pdf,16,,2026-01-20 04:13:45.51153+00,4,Governmental Activities
2860be42-7bb7-4d00-8cbf-41d538cbee0b,2024,A,Assets,Component Units > Metropolitan School Department,Total Assets (Subtotal),18764,2024 Moore County Financial Report.pdf,https://hovdckksdjofgghaxtif.supabase.co/storage/v1/object/public/AFR_reports/originals/2024%20Moore%20County%20Financial%20Report.pdf,15,,2026-01-20 04:13:45.133824+00,4,School Department
29f0995f-d826-4c4e-94b3-f472fcf32f15,2024,A,Liabilities,Component Units > Metropolitan School Department,Total Liabilities (Subtotal),3976,2024 Moore County Financial Report.pdf,https://hovdckksdjofgghaxtif.supabase.co/storage/v1/object/public/AFR_reports/originals/2024%20Moore%20County%20Financial%20Report.pdf,16,,2026-01-20 04:13:45.51153+00,4,School Department
2bbfec36-9417-4879-a836-dce0668c1cec,2024,A,Net Assets,Component Units > Metropolitan School Department,Net Investment in Capital Assets,24789626,2024 Moore County Financial Report.pdf,https://hovdckksdjofgghaxtif.supabase.co/storage/v1/object/public/AFR_reports/originals/2024%20Moore%20County%20Financial%20Report.pdf,16,,2026-01-20 04:13:45.51153+00,4,School Department
2bca32d9-4c6c-4e78-b7c9-1221361f7530,2024,A,Liabilities,Primary Government > Governmental Activities,Total Liabilities (Subtotal),127408,2024 Moore County Financial Report.pdf,https://hovdckksdjofgghaxtif.supabase.co/storage/v1/object/public/AFR_reports/originals/2024%20Moore%20County%20Financial%20Report.pdf,16,,2026-01-20 04:13:45.51153+00,4,Governmental Activities
2be00f5e-d2c5-4a49-9b7b-74c9d105ec89,2024,A,Assets,Component Units > Metropolitan School Department,Total Assets (Subtotal),28277,2024 Moore County Financial Report.pdf,https://hovdckksdjofgghaxtif.supabase.co/storage/v1/object/public/AFR_reports/originals/2024%20Moore%20County%20Financial%20Report.pdf,15,,2026-01-20 04:13:45.133824+00,4,School Department
2f10ab44-dcee-4cd7-bb8f-60e305f2abc2,2024,A,Liabilities,Primary Government > Governmental Activities,Total Liabilities (Subtotal),27660,2024 Moore County Financial Report.pdf,https://hovdckksdjofgghaxtif.supabase.co/storage/v1/object/public/AFR_reports/originals/2024%20Moore%20County%20Financial%20Report.pdf,16,,2026-01-20 04:13:45.51153+00,4,Governmental Activities
306c55c2-74b2-41c6-9bae-2da1a9def687,2024,A,Liabilities,Primary Government > Governmental Activities,Total Liabilities (Subtotal),17521000,2024 Moore County Financial Report.pdf,https://hovdckksdjofgghaxtif.supabase.co/storage/v1/object/public/AFR_reports/originals/2024%20Moore%20County%20Financial%20Report.pdf,16,,2026-01-20 04:13:45.51153+00,4,Governmental Activities
31c5dec9-084a-4f33-836e-5d47241c1755,2024,,Assets,,School Department,32311953,,,,,2026-01-23 04:56:55.751297+00,2,Moore County Grand Total
31c8b158-c6b4-4d4c-8011-9f5bfb65414f,2024,A,Assets,Primary Government > Governmental Activities,Total Assets (Subtotal),649370,2024 Moore County Financial Report.pdf,https://hovdckksdjofgghaxtif.supabase.co/storage/v1/object/public/AFR_reports/originals/2024%20Moore%20County%20Financial%20Report.pdf,15,,2026-01-20 04:13:45.133824+00,4,Governmental Activities
336b0d32-6fc0-4fbc-a94a-ada2ea01b8ee,2024,A,Assets,Primary Government > Business-type Activities,Total Assets,21173483,2024 Moore County Financial Report.pdf,https://hovdckksdjofgghaxtif.supabase.co/storage/v1/object/public/AFR_reports/originals/2024%20Moore%20County%20Financial%20Report.pdf,15,,2026-01-20 04:13:45.51153+00,3,Business-type Activities
3489dcf7-3b94-416d-9483-648113aa0133,2024,A,Assets,Component Units > Metropolitan School Department,Total Assets (Subtotal),23680290,2024 Moore County Financial Report.pdf,https://hovdckksdjofgghaxtif.supabase.co/storage/v1/object/public/AFR_reports/originals/2024%20Moore%20County%20Financial%20Report.pdf,15,,2026-01-20 04:13:45.133824+00,4,School Department
35687057-ba22-4fda-b9ef-3434fc745da8,2024,A,Net Position,Component Units > Metropolitan School Department,Total Net Position,28142857,2024 Moore County Financial Report.pdf,https://hovdckksdjofgghaxtif.supabase.co/storage/v1/object/public/AFR_reports/originals/2024%20Moore%20County%20Financial%20Report.pdf,16,,2026-01-22 23:39:33.429414+00,3,School Department
36c909c4-ac31-4dfa-b5da-370912f45640,2024,A,Net Position,Primary Government > Governmental Activities,Total Net Position,2359669,2024 Moore County Financial Report.pdf,https://hovdckksdjofgghaxtif.supabase.co/storage/v1/object/public/AFR_reports/originals/2024%20Moore%20County%20Financial%20Report.pdf,16,,2026-01-20 04:13:45.51153+00,3,Governmental Activities
39c6ea99-2a6c-40f6-9d5f-3cb280f5c4ac,2024,A,Deferred Inflows of Resources,Component Units > Metropolitan School Department,Deferred Current Property Taxes,3494583,2024 Moore County Financial Report.pdf,https://hovdckksdjofgghaxtif.supabase.co/storage/v1/object/public/AFR_reports/originals/2024%20Moore%20County%20Financial%20Report.pdf,16,,2026-01-20 04:13:45.51153+00,4,School Department
3a8b971e-8277-459f-abfa-040605cc394f,2024,A,Assets,Primary Government > Governmental Activities,Total Assets (Subtotal),64816,2024 Moore County Financial Report.pdf,https://hovdckksdjofgghaxtif.supabase.co/storage/v1/object/public/AFR_reports/originals/2024%20Moore%20County%20Financial%20Report.pdf,15,,2026-01-20 04:13:45.133824+00,4,Governmental Activities
3fec2bb7-4bd7-438c-a171-4b102002759f,2024,A,Assets,Primary Government > Business-type Activities,Total Assets (Subtotal),209850,2024 Moore County Financial Report.pdf,https://hovdckksdjofgghaxtif.supabase.co/storage/v1/object/public/AFR_reports/originals/2024%20Moore%20County%20Financial%20Report.pdf,15,,2026-01-20 04:13:45.133824+00,4,Business-type Activities
43b47b36-b497-4edd-a704-011a77f17b13,2024,,Net Position,,Moore County Grand Total,42161050,,,,,2026-01-23 04:56:55.751297+00,1,Total Moore County
43f265a9-c03c-4303-a1d6-c53e141a31a3,2024,A,Assets,Component Units > Metropolitan School Department,Total Assets,32311953,2024 Moore County Financial Report.pdf,https://hovdckksdjofgghaxtif.supabase.co/storage/v1/object/public/AFR_reports/originals/2024%20Moore%20County%20Financial%20Report.pdf,15,,2026-01-22 23:39:33.429414+00,3,School Department
456c71f3-cca7-45c5-a064-d0a8d8524a3f,2024,A,Liabilities,Primary Government > Business-type Activities,Total Liabilities (Subtotal),477340,2024 Moore County Financial Report.pdf,https://hovdckksdjofgghaxtif.supabase.co/storage/v1/object/public/AFR_reports/originals/2024%20Moore%20County%20Financial%20Report.pdf,16,,2026-01-20 04:13:45.51153+00,4,Business-type Activities
46842903-53a7-4a7f-a87b-de81cbab0069,2024,,Liabilities,,Primary Government,28502705,,,,,2026-01-23 04:56:55.751297+00,2,Moore County Grand Total
4764e539-e99a-4bcd-9033-5123bfd5eeb8,2024,A,Deferred Inflows of Resources,Component Units > Metropolitan School Department,OPEB Changes in Proportion,78981,2024 Moore County Financial Report.pdf,https://hovdckksdjofgghaxtif.supabase.co/storage/v1/object/public/AFR_reports/originals/2024%20Moore%20County%20Financial%20Report.pdf,16,,2026-01-20 04:13:45.51153+00,4,School Department
477aedd1-6695-4bde-8870-18fa3f9fd9be,2024,A,Net Assets,Component Units > Metropolitan School Department,Unrestricted,1117361,2024 Moore County Financial Report.pdf,https://hovdckksdjofgghaxtif.supabase.co/storage/v1/object/public/AFR_reports/originals/2024%20Moore%20County%20Financial%20Report.pdf,16,,2026-01-20 04:13:45.51153+00,4,School Department
47ab1c81-7df4-4eb2-915d-cf078e7795f1,2024,A,Liabilities,Component Units > Metropolitan School Department,Total Liabilities,2411431,2024 Moore County Financial Report.pdf,https://hovdckksdjofgghaxtif.supabase.co/storage/v1/object/public/AFR_reports/originals/2024%20Moore%20County%20Financial%20Report.pdf,16,,2026-01-22 23:39:33.429414+00,3,School Department
4abc0e07-4374-4f65-8f65-7e05a1a3cf14,2024,A,Deferred Outflows of Resources,Primary Government > Governmental Activities,Total Deferred Outflows of Resources,191948,2024 Moore County Financial Report.pdf,https://hovdckksdjofgghaxtif.supabase.co/storage/v1/object/public/AFR_reports/originals/2024%20Moore%20County%20Financial%20Report.pdf,15,,2026-01-20 04:13:45.51153+00,4,Governmental Activities
4d7590b0-6e35-4483-80b3-c9f212e4fc6e,2024,A,Net Assets,Primary Government > Governmental Activities,Restricted for: Other Purposes,39583,2024 Moore County Financial Report.pdf,https://hovdckksdjofgghaxtif.supabase.co/storage/v1/object/public/AFR_reports/originals/2024%20Moore%20County%20Financial%20Report.pdf,16,,2026-01-20 04:13:45.51153+00,4,Governmental Activities
4f39cd33-50a8-40d5-9cd1-898b1dc47fbc,2024,A,Deferred Outflows of Resources,Component Units > Metropolitan School Department,Pension Contributions After Measurement Date,418979,2024 Moore County Financial Report.pdf,https://hovdckksdjofgghaxtif.supabase.co/storage/v1/object/public/AFR_reports/originals/2024%20Moore%20County%20Financial%20Report.pdf,15,,2026-01-20 04:13:45.51153+00,4,School Department
5059c52b-fb3d-4136-a4b7-d0e094483a77,2024,A,Assets,Primary Government > Governmental Activities,Total Assets,26040045,2024 Moore County Financial Report.pdf,https://hovdckksdjofgghaxtif.supabase.co/storage/v1/object/public/AFR_reports/originals/2024%20Moore%20County%20Financial%20Report.pdf,15,,2026-01-20 04:13:45.51153+00,3,Governmental Activities
56636309-64a9-416d-86da-6e7fcbc9aa03,2024,A,Assets,Component Units > Metropolitan School Department,Total Assets (Subtotal),396852,2024 Moore County Financial Report.pdf,https://hovdckksdjofgghaxtif.supabase.co/storage/v1/object/public/AFR_reports/originals/2024%20Moore%20County%20Financial%20Report.pdf,15,,2026-01-20 04:13:45.133824+00,4,School Department
571f2b82-fcd0-486f-953d-5622c945dfb3,2024,A,Liabilities,Primary Government > Business-type Activities,Total Liabilities (Subtotal),444846,2024 Moore County Financial Report.pdf,https://hovdckksdjofgghaxtif.supabase.co/storage/v1/object/public/AFR_reports/originals/2024%20Moore%20County%20Financial%20Report.pdf,16,,2026-01-20 04:13:45.51153+00,4,Business-type Activities
5b8125d2-6db1-41e9-a259-0548fd57735c,2024,,Liabilities,,Moore County Grand Total,30914136,,,,,2026-01-23 04:56:55.751297+00,1,Total Moore County
5ba7413c-d4fc-4a43-ad77-55066f23a033,2024,A,Deferred Inflows of Resources,Primary Government > Governmental Activities,Deferred Current Property Taxes,4884578,2024 Moore County Financial Report.pdf,https://hovdckksdjofgghaxtif.supabase.co/storage/v1/object/public/AFR_reports/originals/2024%20Moore%20County%20Financial%20Report.pdf,16,,2026-01-20 04:13:45.51153+00,4,Governmental Activities
611d368d-7b0a-4488-bac7-8f65a5c3bf5c,2024,A,Assets,Primary Government > Governmental Activities,Total Assets (Subtotal),2874509,2024 Moore County Financial Report.pdf,https://hovdckksdjofgghaxtif.supabase.co/storage/v1/object/public/AFR_reports/originals/2024%20Moore%20County%20Financial%20Report.pdf,15,,2026-01-20 04:13:45.133824+00,4,Governmental Activities
6df86fce-b4b8-4f75-9267-a091e6eac19e,2024,A,Deferred Inflows of Resources,Component Units > Metropolitan School Department,OPEB Changes in Assumptions,196785,2024 Moore County Financial Report.pdf,https://hovdckksdjofgghaxtif.supabase.co/storage/v1/object/public/AFR_reports/originals/2024%20Moore%20County%20Financial%20Report.pdf,16,,2026-01-20 04:13:45.51153+00,4,School Department
6f78734b-870b-4854-a4d2-3529823f5817,2024,A,Net Assets,Primary Government > Governmental Activities,Unrestricted,-11354042,2024 Moore County Financial Report.pdf,https://hovdckksdjofgghaxtif.supabase.co/storage/v1/object/public/AFR_reports/originals/2024%20Moore%20County%20Financial%20Report.pdf,16,,2026-01-20 04:13:45.51153+00,4,Governmental Activities
70928d70-6796-4363-81b2-f8f92e9dfcc3,2024,A,Assets,Primary Government > Governmental Activities,Total Assets (Subtotal),-100944,2024 Moore County Financial Report.pdf,https://hovdckksdjofgghaxtif.supabase.co/storage/v1/object/public/AFR_reports/originals/2024%20Moore%20County%20Financial%20Report.pdf,15,,2026-01-20 04:13:45.133824+00,4,Governmental Activities
74cea044-eb9a-4af9-9aeb-7465917f971f,2024,A,Deferred Outflows of Resources,Primary Government > Governmental Activities,Pension Changes in Investment Earnings,23870,2024 Moore County Financial Report.pdf,https://hovdckksdjofgghaxtif.supabase.co/storage/v1/object/public/AFR_reports/originals/2024%20Moore%20County%20Financial%20Report.pdf,15,,2026-01-20 04:13:45.51153+00,4,Governmental Activities
76973af5-5c5f-4fa1-8669-80fe9d1464cb,2024,A,Assets,Component Units > Metropolitan School Department,Total Assets (Subtotal),39342,2024 Moore County Financial Report.pdf,https://hovdckksdjofgghaxtif.supabase.co/storage/v1/object/public/AFR_reports/originals/2024%20Moore%20County%20Financial%20Report.pdf,15,,2026-01-20 04:13:45.133824+00,4,School Department
778443a9-b6aa-45a1-b9c3-7706110bea05,2024,A,Net Assets,Primary Government > Business-type Activities,Net Investment in Capital Assets,8951758,2024 Moore County Financial Report.pdf,https://hovdckksdjofgghaxtif.supabase.co/storage/v1/object/public/AFR_reports/originals/2024%20Moore%20County%20Financial%20Report.pdf,16,,2026-01-20 04:13:45.51153+00,4,Business-type Activities
77d9a5cd-0477-4328-a884-91d87747e27d,2024,A,Net Assets,Primary Government > Governmental Activities,Net Investment in Capital Assets,10807465,2024 Moore County Financial Report.pdf,https://hovdckksdjofgghaxtif.supabase.co/storage/v1/object/public/AFR_reports/originals/2024%20Moore%20County%20Financial%20Report.pdf,16,,2026-01-20 04:13:45.51153+00,4,Governmental Activities
7a63716d-a4ec-4b58-8a3e-2a980a66cdc4,2024,A,Assets,Primary Government > Governmental Activities,Total Assets (Subtotal),767667,2024 Moore County Financial Report.pdf,https://hovdckksdjofgghaxtif.supabase.co/storage/v1/object/public/AFR_reports/originals/2024%20Moore%20County%20Financial%20Report.pdf,15,,2026-01-20 04:13:45.133824+00,4,Governmental Activities
7c05c990-bb06-452d-ac5c-e19883f58b2c,2024,A,Liabilities,Primary Government > Governmental Activities,Total Liabilities (Subtotal),107740,2024 Moore County Financial Report.pdf,https://hovdckksdjofgghaxtif.supabase.co/storage/v1/object/public/AFR_reports/originals/2024%20Moore%20County%20Financial%20Report.pdf,16,,2026-01-20 04:13:45.51153+00,4,Governmental Activities
7f81473d-433b-4071-acfe-2c3d2f79721d,2024,A,Assets,Primary Government > Governmental Activities,Total Assets (Subtotal),1497479,2024 Moore County Financial Report.pdf,https://hovdckksdjofgghaxtif.supabase.co/storage/v1/object/public/AFR_reports/originals/2024%20Moore%20County%20Financial%20Report.pdf,15,,2026-01-20 04:13:45.133824+00,4,Governmental Activities
8070fddb-b06e-426e-93ce-7668842fea66,2024,A,Assets,Primary Government > Governmental Activities,Total Assets (Subtotal),-38827,2024 Moore County Financial Report.pdf,https://hovdckksdjofgghaxtif.supabase.co/storage/v1/object/public/AFR_reports/originals/2024%20Moore%20County%20Financial%20Report.pdf,15,,2026-01-20 04:13:45.133824+00,4,Governmental Activities
825af365-d383-4f30-8fdd-3471767a3c44,2024,A,Assets,Component Units > Metropolitan School Department,Total Assets (Subtotal),1303605,2024 Moore County Financial Report.pdf,https://hovdckksdjofgghaxtif.supabase.co/storage/v1/object/public/AFR_reports/originals/2024%20Moore%20County%20Financial%20Report.pdf,15,,2026-01-20 04:13:45.133824+00,4,School Department
83431e6b-2071-4f16-bafb-70d8050b8c19,2024,A,Deferred Outflows of Resources,Component Units > Metropolitan School Department,OPEB Changes in Experience,229077,2024 Moore County Financial Report.pdf,https://hovdckksdjofgghaxtif.supabase.co/storage/v1/object/public/AFR_reports/originals/2024%20Moore%20County%20Financial%20Report.pdf,15,,2026-01-20 04:13:45.51153+00,4,School Department
83464774-ecf8-4b6d-ad32-8311cf498d54,2024,A,Liabilities,Primary Government > Governmental Activities,Total Liabilities (Subtotal),252,2024 Moore County Financial Report.pdf,https://hovdckksdjofgghaxtif.supabase.co/storage/v1/object/public/AFR_reports/originals/2024%20Moore%20County%20Financial%20Report.pdf,16,,2026-01-20 04:13:45.51153+00,4,Governmental Activities
8804738b-7b73-4b1e-b52b-8b68fb6a3566,2024,A,Liabilities,Component Units > Metropolitan School Department,Total Liabilities (Subtotal),419308,2024 Moore County Financial Report.pdf,https://hovdckksdjofgghaxtif.supabase.co/storage/v1/object/public/AFR_reports/originals/2024%20Moore%20County%20Financial%20Report.pdf,16,,2026-01-20 04:13:45.51153+00,4,School Department
8d063143-e5ee-4701-bfd2-f24487352de5,2024,A,Assets,Component Units > Metropolitan School Department,Total Assets (Subtotal),133342,2024 Moore County Financial Report.pdf,https://hovdckksdjofgghaxtif.supabase.co/storage/v1/object/public/AFR_reports/originals/2024%20Moore%20County%20Financial%20Report.pdf,15,,2026-01-20 04:13:45.133824+00,4,School Department
8d33dc32-ab14-4492-8b94-8cc50da1d955,2024,A,Assets,Primary Government > Governmental Activities,Total Assets (Subtotal),567899,2024 Moore County Financial Report.pdf,https://hovdckksdjofgghaxtif.supabase.co/storage/v1/object/public/AFR_reports/originals/2024%20Moore%20County%20Financial%20Report.pdf,15,,2026-01-20 04:13:45.133824+00,4,Governmental Activities
8f38a06d-974e-4c54-aa2a-e3bc6a85de5f,2024,A,Liabilities,Component Units > Metropolitan School Department,Total Liabilities (Subtotal),1802729,2024 Moore County Financial Report.pdf,https://hovdckksdjofgghaxtif.supabase.co/storage/v1/object/public/AFR_reports/originals/2024%20Moore%20County%20Financial%20Report.pdf,16,,2026-01-20 04:13:45.51153+00,4,School Department
90e4616c-2fa1-4a24-92b8-78f5a54f4466,2024,A,Net Assets,Primary Government > Governmental Activities,Restricted for: Administration of Justice,128312,2024 Moore County Financial Report.pdf,https://hovdckksdjofgghaxtif.supabase.co/storage/v1/object/public/AFR_reports/originals/2024%20Moore%20County%20Financial%20Report.pdf,16,,2026-01-20 04:13:45.51153+00,4,Governmental Activities
984b9db9-a59b-42ca-b350-10b873c74d0b,2024,A,Liabilities,Primary Government > Governmental Activities,Total Liabilities,18987746,2024 Moore County Financial Report.pdf,https://hovdckksdjofgghaxtif.supabase.co/storage/v1/object/public/AFR_reports/originals/2024%20Moore%20County%20Financial%20Report.pdf,16,,2026-01-20 04:13:45.51153+00,3,Governmental Activities
9b9c43b6-5bb6-4055-a088-4e96d346fca6,2024,A,Liabilities,Primary Government > Business-type Activities,Total Liabilities,9514959,2024 Moore County Financial Report.pdf,https://hovdckksdjofgghaxtif.supabase.co/storage/v1/object/public/AFR_reports/originals/2024%20Moore%20County%20Financial%20Report.pdf,16,,2026-01-20 04:13:45.51153+00,3,Business-type Activities
a5341ab1-2b90-49f3-a152-a85d60006c5e,2024,A,Assets,Primary Government > Business-type Activities,Total Assets (Subtotal),284223,2024 Moore County Financial Report.pdf,https://hovdckksdjofgghaxtif.supabase.co/storage/v1/object/public/AFR_reports/originals/2024%20Moore%20County%20Financial%20Report.pdf,15,,2026-01-20 04:13:45.133824+00,4,Business-type Activities
a77ac9fd-8342-49dd-8613-975684d99762,2024,A,Assets,Primary Government > Governmental Activities,Total Assets (Subtotal),8922618,2024 Moore County Financial Report.pdf,https://hovdckksdjofgghaxtif.supabase.co/storage/v1/object/public/AFR_reports/originals/2024%20Moore%20County%20Financial%20Report.pdf,15,,2026-01-20 04:13:45.133824+00,4,Governmental Activities
a877e224-7c34-4ad3-9646-bba49bdc135e,2024,A,Assets,Primary Government > Governmental Activities,Total Assets (Subtotal),393779,2024 Moore County Financial Report.pdf,https://hovdckksdjofgghaxtif.supabase.co/storage/v1/object/public/AFR_reports/originals/2024%20Moore%20County%20Financial%20Report.pdf,15,,2026-01-20 04:13:45.133824+00,4,Governmental Activities
aa8736ff-ccfd-415d-9d44-cef2d98a4bca,2024,,Assets,,Primary Government,47213528,,,,,2026-01-23 04:56:55.751297+00,2,Moore County Grand Total
ac2fe1f9-1f88-440c-a663-f663abde7a81,2024,,Liabilities,,School Department,2411431,,,,,2026-01-23 04:56:55.751297+00,2,Moore County Grand Total
adadd9af-02e5-4308-945f-c85cf31eb61d,2024,A,Net Assets,Primary Government > Governmental Activities,Restricted for: Pensions,64816,2024 Moore County Financial Report.pdf,https://hovdckksdjofgghaxtif.supabase.co/storage/v1/object/public/AFR_reports/originals/2024%20Moore%20County%20Financial%20Report.pdf,16,,2026-01-20 04:13:45.51153+00,4,Governmental Activities
adcc98dc-a6ff-462c-8e2a-98697bac4ac9,2024,A,Assets,Component Units > Metropolitan School Department,Total Assets (Subtotal),-27912,2024 Moore County Financial Report.pdf,https://hovdckksdjofgghaxtif.supabase.co/storage/v1/object/public/AFR_reports/originals/2024%20Moore%20County%20Financial%20Report.pdf,15,,2026-01-20 04:13:45.133824+00,4,School Department
b2d2c295-107f-42ad-8796-0e70c71233ce,2024,A,Liabilities,Primary Government > Business-type Activities,Total Liabilities (Subtotal),18984,2024 Moore County Financial Report.pdf,https://hovdckksdjofgghaxtif.supabase.co/storage/v1/object/public/AFR_reports/originals/2024%20Moore%20County%20Financial%20Report.pdf,16,,2026-01-20 04:13:45.51153+00,4,Business-type Activities
b725c72e-48ad-457c-81a4-cbeac80eeb91,2024,A,Liabilities,Component Units > Metropolitan School Department,Total Liabilities (Subtotal),185418,2024 Moore County Financial Report.pdf,https://hovdckksdjofgghaxtif.supabase.co/storage/v1/object/public/AFR_reports/originals/2024%20Moore%20County%20Financial%20Report.pdf,16,,2026-01-20 04:13:45.51153+00,4,School Department
b7d7369d-853e-4521-b375-666fb77743e4,2024,A,Assets,Component Units > Metropolitan School Department,Total Assets (Subtotal),3553915,2024 Moore County Financial Report.pdf,https://hovdckksdjofgghaxtif.supabase.co/storage/v1/object/public/AFR_reports/originals/2024%20Moore%20County%20Financial%20Report.pdf,15,,2026-01-20 04:13:45.133824+00,4,School Department
b99c216f-2831-4562-9967-19d6dc285397,2024,A,Assets,Component Units > Metropolitan School Department,Total Assets (Subtotal),1816743,2024 Moore County Financial Report.pdf,https://hovdckksdjofgghaxtif.supabase.co/storage/v1/object/public/AFR_reports/originals/2024%20Moore%20County%20Financial%20Report.pdf,15,,2026-01-20 04:13:45.133824+00,4,School Department
ba0f66ad-4392-4f77-8016-1a032c2e4136,2024,A,Liabilities,Primary Government > Governmental Activities,Total Liabilities (Subtotal),148922,2024 Moore County Financial Report.pdf,https://hovdckksdjofgghaxtif.supabase.co/storage/v1/object/public/AFR_reports/originals/2024%20Moore%20County%20Financial%20Report.pdf,16,,2026-01-20 04:13:45.51153+00,4,Governmental Activities
bcbf2064-9992-43e8-8474-cb27305f797f,2024,A,Net Assets,Primary Government > Governmental Activities,Restricted for: Capital Projects,334183,2024 Moore County Financial Report.pdf,https://hovdckksdjofgghaxtif.supabase.co/storage/v1/object/public/AFR_reports/originals/2024%20Moore%20County%20Financial%20Report.pdf,16,,2026-01-20 04:13:45.51153+00,4,Governmental Activities
c6b30609-401c-4305-b0ef-2b277dd52ed6,2024,A,Assets,Primary Government > Business-type Activities,Total Assets (Subtotal),-16569,2024 Moore County Financial Report.pdf,https://hovdckksdjofgghaxtif.supabase.co/storage/v1/object/public/AFR_reports/originals/2024%20Moore%20County%20Financial%20Report.pdf,15,,2026-01-20 04:13:45.133824+00,4,Business-type Activities
c8e325fd-e541-46d8-a584-511175cdb153,2024,A,Assets,Primary Government > Business-type Activities,Total Assets (Subtotal),107837,2024 Moore County Financial Report.pdf,https://hovdckksdjofgghaxtif.supabase.co/storage/v1/object/public/AFR_reports/originals/2024%20Moore%20County%20Financial%20Report.pdf,15,,2026-01-20 04:13:45.133824+00,4,Business-type Activities
cb6c6b31-a5a2-4c2a-af2b-95a1e6313837,2024,,Net Position,,School Department,28142857,,,,,2026-01-23 04:56:55.751297+00,2,Moore County Grand Total
cbce4376-b91b-4a9f-9f14-e01419aaf760,2024,A,Deferred Inflows of Resources,Component Units > Metropolitan School Department,Pension Changes in Proportion,57939,2024 Moore County Financial Report.pdf,https://hovdckksdjofgghaxtif.supabase.co/storage/v1/object/public/AFR_reports/originals/2024%20Moore%20County%20Financial%20Report.pdf,16,,2026-01-20 04:13:45.51153+00,4,School Department
ce447f3d-28e4-40cc-8df4-cf93f55fb343,2024,A,Deferred Inflows of Resources,Component Units > Metropolitan School Department,Pension Changes in Experience,101872,2024 Moore County Financial Report.pdf,https://hovdckksdjofgghaxtif.supabase.co/storage/v1/object/public/AFR_reports/originals/2024%20Moore%20County%20Financial%20Report.pdf,16,,2026-01-20 04:13:45.51153+00,4,School Department
cf380502-c655-477b-9436-87b289ac03ed,2024,A,Assets,Component Units > Metropolitan School Department,Total Assets (Subtotal),1069994,2024 Moore County Financial Report.pdf,https://hovdckksdjofgghaxtif.supabase.co/storage/v1/object/public/AFR_reports/originals/2024%20Moore%20County%20Financial%20Report.pdf,15,,2026-01-20 04:13:45.51153+00,4,School Department
d8ba6b6b-0ef8-4c61-9307-5e3d2a384bea,2024,A,Deferred Outflows of Resources,Component Units > Metropolitan School Department,Pension Changes in Experience,377017,2024 Moore County Financial Report.pdf,https://hovdckksdjofgghaxtif.supabase.co/storage/v1/object/public/AFR_reports/originals/2024%20Moore%20County%20Financial%20Report.pdf,15,,2026-01-20 04:13:45.51153+00,4,School Department
d9106bbd-739e-4d68-9791-9c7703516fae,2024,A,Assets,Primary Government > Governmental Activities,Total Assets (Subtotal),325,2024 Moore County Financial Report.pdf,https://hovdckksdjofgghaxtif.supabase.co/storage/v1/object/public/AFR_reports/originals/2024%20Moore%20County%20Financial%20Report.pdf,15,,2026-01-20 04:13:45.133824+00,4,Governmental Activities
dab886db-daf9-400a-80ae-15863909447c,2024,A,Deferred Inflows of Resources,Component Units > Metropolitan School Department,Total Deferred Inflows of Resources,3981790,2024 Moore County Financial Report.pdf,https://hovdckksdjofgghaxtif.supabase.co/storage/v1/object/public/AFR_reports/originals/2024%20Moore%20County%20Financial%20Report.pdf,16,,2026-01-20 04:13:45.51153+00,4,School Department
dc6debcd-2e17-42c2-bb53-992620f1e3ee,2024,A,Net Assets,Primary Government > Business-type Activities,Unrestricted,2706766,2024 Moore County Financial Report.pdf,https://hovdckksdjofgghaxtif.supabase.co/storage/v1/object/public/AFR_reports/originals/2024%20Moore%20County%20Financial%20Report.pdf,16,,2026-01-20 04:13:45.51153+00,4,Business-type Activities
dcc47530-be88-43a4-95e6-0ec2afd85982,2024,A,Deferred Outflows of Resources,Primary Government > Governmental Activities,Pension Changes in Assumptions,43390,2024 Moore County Financial Report.pdf,https://hovdckksdjofgghaxtif.supabase.co/storage/v1/object/public/AFR_reports/originals/2024%20Moore%20County%20Financial%20Report.pdf,15,,2026-01-20 04:13:45.51153+00,4,Governmental Activities
dde2d412-9762-4e1d-a626-aa5c21d02612,2024,A,Deferred Outflows of Resources,Primary Government > Governmental Activities,Pension Contributions After Measurement Date,53715,2024 Moore County Financial Report.pdf,https://hovdckksdjofgghaxtif.supabase.co/storage/v1/object/public/AFR_reports/originals/2024%20Moore%20County%20Financial%20Report.pdf,15,,2026-01-20 04:13:45.51153+00,4,Governmental Activities
e3c98ddf-ba27-40ef-9809-7294df4fa59f,2024,A,Deferred Outflows of Resources,Component Units > Metropolitan School Department,Pension Changes in Proportion,9655,2024 Moore County Financial Report.pdf,https://hovdckksdjofgghaxtif.supabase.co/storage/v1/object/public/AFR_reports/originals/2024%20Moore%20County%20Financial%20Report.pdf,15,,2026-01-20 04:13:45.51153+00,4,School Department
e5ba1c81-b0a3-40f0-8b3e-e8348ba19f6c,2024,A,Assets,Primary Government > Governmental Activities,Total Assets (Subtotal),5473799,2024 Moore County Financial Report.pdf,https://hovdckksdjofgghaxtif.supabase.co/storage/v1/object/public/AFR_reports/originals/2024%20Moore%20County%20Financial%20Report.pdf,15,,2026-01-20 04:13:45.51153+00,4,Governmental Activities
e9419441-f507-43ea-800e-bb3a719efada,2024,A,Assets,Primary Government > Business-type Activities,Total Assets (Subtotal),15395349,2024 Moore County Financial Report.pdf,https://hovdckksdjofgghaxtif.supabase.co/storage/v1/object/public/AFR_reports/originals/2024%20Moore%20County%20Financial%20Report.pdf,15,,2026-01-20 04:13:45.133824+00,4,Business-type Activities
e9ce7e9a-828d-44f5-a263-13e48f2f20b0,2024,A,Deferred Outflows of Resources,Primary Government > Governmental Activities,Pension Changes in Experience,70973,2024 Moore County Financial Report.pdf,https://hovdckksdjofgghaxtif.supabase.co/storage/v1/object/public/AFR_reports/originals/2024%20Moore%20County%20Financial%20Report.pdf,15,,2026-01-20 04:13:45.51153+00,4,Governmental Activities
ea207d32-fcac-4a90-83a4-b45eed900724,2024,A,Liabilities,Primary Government > Governmental Activities,Total Liabilities (Subtotal),50484,2024 Moore County Financial Report.pdf,https://hovdckksdjofgghaxtif.supabase.co/storage/v1/object/public/AFR_reports/originals/2024%20Moore%20County%20Financial%20Report.pdf,16,,2026-01-20 04:13:45.51153+00,4,Governmental Activities
ec5b82ee-f87d-4149-8160-468141b456ff,2024,A,Net Assets,Component Units > Metropolitan School Department,Restricted for: Education,770646,2024 Moore County Financial Report.pdf,https://hovdckksdjofgghaxtif.supabase.co/storage/v1/object/public/AFR_reports/originals/2024%20Moore%20County%20Financial%20Report.pdf,16,,2026-01-20 04:13:45.51153+00,4,School Department
ed55b4fd-9d8b-4eca-bf25-9323c8ac8b67,2024,A,Assets,Primary Government > Business-type Activities,Total Assets (Subtotal),2630412,2024 Moore County Financial Report.pdf,https://hovdckksdjofgghaxtif.supabase.co/storage/v1/object/public/AFR_reports/originals/2024%20Moore%20County%20Financial%20Report.pdf,15,,2026-01-20 04:13:45.133824+00,4,Business-type Activities
f14f6a6f-1732-4d15-bd20-09c84a719fdb,2024,A,Net Assets,Component Units > Metropolitan School Department,Restricted for: Pensions,1465224,2024 Moore County Financial Report.pdf,https://hovdckksdjofgghaxtif.supabase.co/storage/v1/object/public/AFR_reports/originals/2024%20Moore%20County%20Financial%20Report.pdf,16,,2026-01-20 04:13:45.51153+00,4,School Department
f210d7fd-d508-471b-8a93-996f3b609aba,2024,A,Deferred Outflows of Resources,Component Units > Metropolitan School Department,OPEB Changes in Assumptions,233064,2024 Moore County Financial Report.pdf,https://hovdckksdjofgghaxtif.supabase.co/storage/v1/object/public/AFR_reports/originals/2024%20Moore%20County%20Financial%20Report.pdf,15,,2026-01-20 04:13:45.51153+00,4,School Department
f51034ea-d32c-4e0b-941f-83dbb52ee430,2024,A,Net Assets,Primary Government > Governmental Activities,Restricted for: Public Health and Welfare,163746,2024 Moore County Financial Report.pdf,https://hovdckksdjofgghaxtif.supabase.co/storage/v1/object/public/AFR_reports/originals/2024%20Moore%20County%20Financial%20Report.pdf,16,,2026-01-20 04:13:45.51153+00,4,Governmental Activities
f52d05e1-5fe1-4906-9cff-4363a0557aab,2024,A,Deferred Outflows of Resources,Component Units > Metropolitan School Department,OPEB Contributions After Measurement Date,55701,2024 Moore County Financial Report.pdf,https://hovdckksdjofgghaxtif.supabase.co/storage/v1/object/public/AFR_reports/originals/2024%20Moore%20County%20Financial%20Report.pdf,15,,2026-01-20 04:13:45.51153+00,4,School Department
f54ebd4c-3f51-4aab-9b5a-f767156eb986,2024,A,Liabilities,Primary Government > Business-type Activities,Total Liabilities (Subtotal),8465052,2024 Moore County Financial Report.pdf,https://hovdckksdjofgghaxtif.supabase.co/storage/v1/object/public/AFR_reports/originals/2024%20Moore%20County%20Financial%20Report.pdf,16,,2026-01-20 04:13:45.51153+00,4,Business-type Activities
f79eb048-7af9-4b52-a3fd-69570ba8e891,2024,A,Assets,Primary Government > Business-type Activities,Total Assets (Subtotal),196499,2024 Moore County Financial Report.pdf,https://hovdckksdjofgghaxtif.supabase.co/storage/v1/object/public/AFR_reports/originals/2024%20Moore%20County%20Financial%20Report.pdf,15,,2026-01-20 04:13:45.133824+00,4,Business-type Activities
fec14167-4c69-4fc0-b211-d8526b746a62,2024,A,Assets,Component Units > Metropolitan School Department,Total Assets (Subtotal),295126,2024 Moore County Financial Report.pdf,https://hovdckksdjofgghaxtif.supabase.co/storage/v1/object/public/AFR_reports/originals/2024%20Moore%20County%20Financial%20Report.pdf,15,,2026-01-20 04:13:45.133824+00,4,School Department